note_id,change_class,note_readiness,support_sensitive,has_substantive_evidence,has_direct_action_link,dismiss_state,reopenable,from_version,to_version,gate
breaking_extension_api,breaking,action_required,true,true,true,active,true,3.2.1,4.0.0,blocked
security_dependency_advisory,security,action_required,true,true,true,active,true,1.8.0,1.9.0,blocked
admin_policy_bundle,admin_action_required,action_required,true,true,true,active,true,,,blocked
migration_workspace_schema,migration_required,action_required,true,true,true,active,true,12,13,blocked
deprecated_legacy_command,deprecated,action_recommended,true,true,false,active,true,1.8.0,1.9.0,narrowed
policy_telemetry_consent,policy,action_recommended,true,true,false,active,true,,,narrowed
behavioral_default_layout,behavioral,action_recommended,true,true,true,active,true,1.8.0,1.9.0,narrowed
compatibility_window_shift,compatibility,informational,true,true,false,active,true,12,13,governed
docs_only_quickstart,docs_only,informational,true,false,false,active,true,,,governed
