selector_surface,qualification,owner,shell_zone_slot,pin_row_parts,inspector_parts,switch_card_parts,target_kinds,pin_states,pin_scopes,selection_health_states,pin_actions,export_fields,example_count
status_bar_selector,stable,Status-bar selector owner,status_bar,target_kind|current_selection|winning_scope|source_provenance|conflict_or_override_note|clear_or_revert_action,ordered_winning_stack|overshadowed_candidates|shadow_explanation|affected_surfaces,immediate_changes|restart_or_reconnect_requirement|newly_blocked_actions|safe_local_only_fallback|blast_radius_and_reversibility,interpreter|sdk|shell|kernel|runtime,pinned_resolved|pinned_missing_fallback|unpinned|pin_conflict|pin_overridden,policy_scope|session_scope|project_scope|workspace_scope|user_scope|host_scope|global_default_scope,healthy|degraded_stale|mismatched_version|missing_unavailable,review_precedence|clear_override|revert_to_shadowed_pin|repair_selection,target_kind|current_selection|winning_scope|winning_source|pin_state|shadowed_layers|conflict_or_override|selection_health|switch_blast_radius|switch_reversibility|available_actions,2
command_palette_switcher,stable,Command-palette switcher owner,transient_overlay,target_kind|current_selection|winning_scope|source_provenance|conflict_or_override_note|clear_or_revert_action,ordered_winning_stack|overshadowed_candidates|shadow_explanation|affected_surfaces,immediate_changes|restart_or_reconnect_requirement|newly_blocked_actions|safe_local_only_fallback|blast_radius_and_reversibility,interpreter|sdk|shell|kernel|runtime,pinned_resolved|pinned_missing_fallback|unpinned|pin_conflict|pin_overridden,policy_scope|session_scope|project_scope|workspace_scope|user_scope|host_scope|global_default_scope,healthy|degraded_stale|mismatched_version|missing_unavailable,review_precedence|clear_override|revert_to_shadowed_pin|repair_selection,target_kind|current_selection|winning_scope|winning_source|pin_state|shadowed_layers|conflict_or_override|selection_health|switch_blast_radius|switch_reversibility|available_actions,2
settings_toolchain_row,stable,Settings toolchain row owner,main_workspace,target_kind|current_selection|winning_scope|source_provenance|conflict_or_override_note|clear_or_revert_action,ordered_winning_stack|overshadowed_candidates|shadow_explanation|affected_surfaces,immediate_changes|restart_or_reconnect_requirement|newly_blocked_actions|safe_local_only_fallback|blast_radius_and_reversibility,interpreter|sdk|shell|kernel|runtime,pinned_resolved|pinned_missing_fallback|unpinned|pin_conflict|pin_overridden,policy_scope|session_scope|project_scope|workspace_scope|user_scope|host_scope|global_default_scope,healthy|degraded_stale|mismatched_version|missing_unavailable,review_precedence|clear_override|revert_to_shadowed_pin|repair_selection,target_kind|current_selection|winning_scope|winning_source|pin_state|shadowed_layers|conflict_or_override|selection_health|switch_blast_radius|switch_reversibility|available_actions,2
interpreter_picker,stable,Interpreter picker owner,transient_overlay,target_kind|current_selection|winning_scope|source_provenance|conflict_or_override_note|clear_or_revert_action,ordered_winning_stack|overshadowed_candidates|shadow_explanation|affected_surfaces,immediate_changes|restart_or_reconnect_requirement|newly_blocked_actions|safe_local_only_fallback|blast_radius_and_reversibility,interpreter|sdk|shell|kernel|runtime,pinned_resolved|pinned_missing_fallback|unpinned|pin_conflict|pin_overridden,policy_scope|session_scope|project_scope|workspace_scope|user_scope|host_scope|global_default_scope,healthy|degraded_stale|mismatched_version|missing_unavailable,review_precedence|clear_override|revert_to_shadowed_pin|repair_selection,target_kind|current_selection|winning_scope|winning_source|pin_state|shadowed_layers|conflict_or_override|selection_health|switch_blast_radius|switch_reversibility|available_actions,2
sdk_selector,stable,SDK selector owner,right_inspector,target_kind|current_selection|winning_scope|source_provenance|conflict_or_override_note|clear_or_revert_action,ordered_winning_stack|overshadowed_candidates|shadow_explanation|affected_surfaces,immediate_changes|restart_or_reconnect_requirement|newly_blocked_actions|safe_local_only_fallback|blast_radius_and_reversibility,interpreter|sdk|shell|kernel|runtime,pinned_resolved|pinned_missing_fallback|unpinned|pin_conflict|pin_overridden,policy_scope|session_scope|project_scope|workspace_scope|user_scope|host_scope|global_default_scope,healthy|degraded_stale|mismatched_version|missing_unavailable,review_precedence|clear_override|revert_to_shadowed_pin|repair_selection,target_kind|current_selection|winning_scope|winning_source|pin_state|shadowed_layers|conflict_or_override|selection_health|switch_blast_radius|switch_reversibility|available_actions,2
shell_profile_picker,stable,Shell-profile picker owner,status_bar,target_kind|current_selection|winning_scope|source_provenance|conflict_or_override_note|clear_or_revert_action,ordered_winning_stack|overshadowed_candidates|shadow_explanation|affected_surfaces,immediate_changes|restart_or_reconnect_requirement|newly_blocked_actions|safe_local_only_fallback|blast_radius_and_reversibility,interpreter|sdk|shell|kernel|runtime,pinned_resolved|pinned_missing_fallback|unpinned|pin_conflict|pin_overridden,policy_scope|session_scope|project_scope|workspace_scope|user_scope|host_scope|global_default_scope,healthy|degraded_stale|mismatched_version|missing_unavailable,review_precedence|clear_override|revert_to_shadowed_pin|repair_selection,target_kind|current_selection|winning_scope|winning_source|pin_state|shadowed_layers|conflict_or_override|selection_health|switch_blast_radius|switch_reversibility|available_actions,2
kernel_picker,stable,Kernel picker owner,main_workspace,target_kind|current_selection|winning_scope|source_provenance|conflict_or_override_note|clear_or_revert_action,ordered_winning_stack|overshadowed_candidates|shadow_explanation|affected_surfaces,immediate_changes|restart_or_reconnect_requirement|newly_blocked_actions|safe_local_only_fallback|blast_radius_and_reversibility,interpreter|sdk|shell|kernel|runtime,pinned_resolved|pinned_missing_fallback|unpinned|pin_conflict|pin_overridden,policy_scope|session_scope|project_scope|workspace_scope|user_scope|host_scope|global_default_scope,healthy|degraded_stale|mismatched_version|missing_unavailable,review_precedence|clear_override|revert_to_shadowed_pin|repair_selection,target_kind|current_selection|winning_scope|winning_source|pin_state|shadowed_layers|conflict_or_override|selection_health|switch_blast_radius|switch_reversibility|available_actions,2
runtime_target_switcher,stable,Runtime-target switcher owner,title_context_bar,target_kind|current_selection|winning_scope|source_provenance|conflict_or_override_note|clear_or_revert_action,ordered_winning_stack|overshadowed_candidates|shadow_explanation|affected_surfaces,immediate_changes|restart_or_reconnect_requirement|newly_blocked_actions|safe_local_only_fallback|blast_radius_and_reversibility,interpreter|sdk|shell|kernel|runtime,pinned_resolved|pinned_missing_fallback|unpinned|pin_conflict|pin_overridden,policy_scope|session_scope|project_scope|workspace_scope|user_scope|host_scope|global_default_scope,healthy|degraded_stale|mismatched_version|missing_unavailable,review_precedence|clear_override|revert_to_shadowed_pin|repair_selection,target_kind|current_selection|winning_scope|winning_source|pin_state|shadowed_layers|conflict_or_override|selection_health|switch_blast_radius|switch_reversibility|available_actions,2
repair_panel_selector,stable,Repair-panel selector owner,right_inspector,target_kind|current_selection|winning_scope|source_provenance|conflict_or_override_note|clear_or_revert_action,ordered_winning_stack|overshadowed_candidates|shadow_explanation|affected_surfaces,immediate_changes|restart_or_reconnect_requirement|newly_blocked_actions|safe_local_only_fallback|blast_radius_and_reversibility,interpreter|sdk|shell|kernel|runtime,pinned_resolved|pinned_missing_fallback|unpinned|pin_conflict|pin_overridden,policy_scope|session_scope|project_scope|workspace_scope|user_scope|host_scope|global_default_scope,healthy|degraded_stale|mismatched_version|missing_unavailable,review_precedence|clear_override|revert_to_shadowed_pin|repair_selection,target_kind|current_selection|winning_scope|winning_source|pin_state|shadowed_layers|conflict_or_override|selection_health|switch_blast_radius|switch_reversibility|available_actions,2
