consumer_surface,qualification,owner,shell_zone_slot,stack_parts,badge_parts,collaboration_roles,follow_states,participant_liveness_states,link_states,continuity_postures,recording_cues,presence_actions,export_fields,example_count
collaboration_strip,stable,Collaboration strip owner,status_bar,avatar_stack|participant_identity|role_badge|follow_state_badge|recording_retention_cue|overflow_count|text_participant_list,role_label|follow_label|presenter_marker|control_holder_marker|self_marker,session_host|collaborator|presenter|observer|control_holder,following_presenter|being_followed|not_following|presenting_to_others|follow_paused,active|idle|reconnecting|departed|last_known_local,live|degraded|reconnecting|offline_local_fallback|session_ended,live|degraded_visible|reconnecting_visible|local_fallback_visible|ended_last_known_visible,not_applicable|recording|retained|retention_pending|not_recorded,view_participant_list|follow_presenter|stop_following|reconnect_collaboration,session_identity|participant_identity|participant_role|follow_state|presenter_identity|control_holder_identity|continuity_posture|recording_retention_cue|participant_liveness|present_count|available_actions,2
shared_terminal_header,stable,Shared terminal header owner,bottom_panel,avatar_stack|participant_identity|role_badge|follow_state_badge|recording_retention_cue|overflow_count|text_participant_list,role_label|follow_label|presenter_marker|control_holder_marker|self_marker,session_host|collaborator|presenter|observer|control_holder,following_presenter|being_followed|not_following|presenting_to_others|follow_paused,active|idle|reconnecting|departed|last_known_local,live|degraded|reconnecting|offline_local_fallback|session_ended,live|degraded_visible|reconnecting_visible|local_fallback_visible|ended_last_known_visible,not_applicable|recording|retained|retention_pending|not_recorded,view_participant_list|follow_presenter|stop_following|reconnect_collaboration,session_identity|participant_identity|participant_role|follow_state|presenter_identity|control_holder_identity|continuity_posture|recording_retention_cue|participant_liveness|present_count|available_actions,2
shared_debug_pane,stable,Shared debug pane owner,main_workspace,avatar_stack|participant_identity|role_badge|follow_state_badge|recording_retention_cue|overflow_count|text_participant_list,role_label|follow_label|presenter_marker|control_holder_marker|self_marker,session_host|collaborator|presenter|observer|control_holder,following_presenter|being_followed|not_following|presenting_to_others|follow_paused,active|idle|reconnecting|departed|last_known_local,live|degraded|reconnecting|offline_local_fallback|session_ended,live|degraded_visible|reconnecting_visible|local_fallback_visible|ended_last_known_visible,not_applicable|recording|retained|retention_pending|not_recorded,view_participant_list|follow_presenter|stop_following|reconnect_collaboration,session_identity|participant_identity|participant_role|follow_state|presenter_identity|control_holder_identity|continuity_posture|recording_retention_cue|participant_liveness|present_count|available_actions,2
review_session_header,stable,Review / session header owner,title_context_bar,avatar_stack|participant_identity|role_badge|follow_state_badge|recording_retention_cue|overflow_count|text_participant_list,role_label|follow_label|presenter_marker|control_holder_marker|self_marker,session_host|collaborator|presenter|observer|control_holder,following_presenter|being_followed|not_following|presenting_to_others|follow_paused,active|idle|reconnecting|departed|last_known_local,live|degraded|reconnecting|offline_local_fallback|session_ended,live|degraded_visible|reconnecting_visible|local_fallback_visible|ended_last_known_visible,not_applicable|recording|retained|retention_pending|not_recorded,view_participant_list|follow_presenter|stop_following|reconnect_collaboration,session_identity|participant_identity|participant_role|follow_state|presenter_identity|control_holder_identity|continuity_posture|recording_retention_cue|participant_liveness|present_count|available_actions,2
presenter_hud,stable,Presenter HUD owner,transient_overlay,avatar_stack|participant_identity|role_badge|follow_state_badge|recording_retention_cue|overflow_count|text_participant_list,role_label|follow_label|presenter_marker|control_holder_marker|self_marker,session_host|collaborator|presenter|observer|control_holder,following_presenter|being_followed|not_following|presenting_to_others|follow_paused,active|idle|reconnecting|departed|last_known_local,live|degraded|reconnecting|offline_local_fallback|session_ended,live|degraded_visible|reconnecting_visible|local_fallback_visible|ended_last_known_visible,not_applicable|recording|retained|retention_pending|not_recorded,view_participant_list|follow_presenter|stop_following|reconnect_collaboration,session_identity|participant_identity|participant_role|follow_state|presenter_identity|control_holder_identity|continuity_posture|recording_retention_cue|participant_liveness|present_count|available_actions,2
follow_mode_banner,stable,Follow-mode banner owner,title_context_bar,avatar_stack|participant_identity|role_badge|follow_state_badge|recording_retention_cue|overflow_count|text_participant_list,role_label|follow_label|presenter_marker|control_holder_marker|self_marker,session_host|collaborator|presenter|observer|control_holder,following_presenter|being_followed|not_following|presenting_to_others|follow_paused,active|idle|reconnecting|departed|last_known_local,live|degraded|reconnecting|offline_local_fallback|session_ended,live|degraded_visible|reconnecting_visible|local_fallback_visible|ended_last_known_visible,not_applicable|recording|retained|retention_pending|not_recorded,view_participant_list|follow_presenter|stop_following|reconnect_collaboration,session_identity|participant_identity|participant_role|follow_state|presenter_identity|control_holder_identity|continuity_posture|recording_retention_cue|participant_liveness|present_count|available_actions,2
session_roster_panel,stable,Session roster panel owner,right_inspector,avatar_stack|participant_identity|role_badge|follow_state_badge|recording_retention_cue|overflow_count|text_participant_list,role_label|follow_label|presenter_marker|control_holder_marker|self_marker,session_host|collaborator|presenter|observer|control_holder,following_presenter|being_followed|not_following|presenting_to_others|follow_paused,active|idle|reconnecting|departed|last_known_local,live|degraded|reconnecting|offline_local_fallback|session_ended,live|degraded_visible|reconnecting_visible|local_fallback_visible|ended_last_known_visible,not_applicable|recording|retained|retention_pending|not_recorded,view_participant_list|follow_presenter|stop_following|reconnect_collaboration,session_identity|participant_identity|participant_role|follow_state|presenter_identity|control_holder_identity|continuity_posture|recording_retention_cue|participant_liveness|present_count|available_actions,2
activity_center_presence,stable,Activity-center presence owner,activity_rail,avatar_stack|participant_identity|role_badge|follow_state_badge|recording_retention_cue|overflow_count|text_participant_list,role_label|follow_label|presenter_marker|control_holder_marker|self_marker,session_host|collaborator|presenter|observer|control_holder,following_presenter|being_followed|not_following|presenting_to_others|follow_paused,active|idle|reconnecting|departed|last_known_local,live|degraded|reconnecting|offline_local_fallback|session_ended,live|degraded_visible|reconnecting_visible|local_fallback_visible|ended_last_known_visible,not_applicable|recording|retained|retention_pending|not_recorded,view_participant_list|follow_presenter|stop_following|reconnect_collaboration,session_identity|participant_identity|participant_role|follow_state|presenter_identity|control_holder_identity|continuity_posture|recording_retention_cue|participant_liveness|present_count|available_actions,2
shared_preview_header,stable,Shared preview header owner,main_workspace,avatar_stack|participant_identity|role_badge|follow_state_badge|recording_retention_cue|overflow_count|text_participant_list,role_label|follow_label|presenter_marker|control_holder_marker|self_marker,session_host|collaborator|presenter|observer|control_holder,following_presenter|being_followed|not_following|presenting_to_others|follow_paused,active|idle|reconnecting|departed|last_known_local,live|degraded|reconnecting|offline_local_fallback|session_ended,live|degraded_visible|reconnecting_visible|local_fallback_visible|ended_last_known_visible,not_applicable|recording|retained|retention_pending|not_recorded,view_participant_list|follow_presenter|stop_following|reconnect_collaboration,session_identity|participant_identity|participant_role|follow_state|presenter_identity|control_holder_identity|continuity_posture|recording_retention_cue|participant_liveness|present_count|available_actions,2
